-- ==========================================================
-- 2. INSERT KLIEN, KATEGORI, MODEL, WARNA, SIZE, HPP KOMPONEN
-- ==========================================================

INSERT INTO public.klien (id, nama) VALUES ('KLN-001', 'Elyasr Kids') ON CONFLICT (id) DO UPDATE SET nama = EXCLUDED.nama;

INSERT INTO public.kategori (id, nama) VALUES ('KAT-4B6F6B6F', 'Koko') ON CONFLICT (id) DO UPDATE SET nama = EXCLUDED.nama;
INSERT INTO public.kategori (id, nama) VALUES ('KAT-506F6C6F20', 'Polo Wangky') ON CONFLICT (id) DO UPDATE SET nama = EXCLUDED.nama;
INSERT INTO public.kategori (id, nama) VALUES ('KAT-43656C616E', 'Celana Dril') ON CONFLICT (id) DO UPDATE SET nama = EXCLUDED.nama;
INSERT INTO public.kategori (id, nama) VALUES ('KAT-4A61636B65', 'Jacket') ON CONFLICT (id) DO UPDATE SET nama = EXCLUDED.nama;
INSERT INTO public.kategori (id, nama) VALUES ('KAT-4B656D656A', 'Kemeja Polo') ON CONFLICT (id) DO UPDATE SET nama = EXCLUDED.nama;
INSERT INTO public.kategori (id, nama) VALUES ('KAT-4368696E6F', 'Chinos') ON CONFLICT (id) DO UPDATE SET nama = EXCLUDED.nama;
INSERT INTO public.kategori (id, nama) VALUES ('KAT-4B6F6B6F20', 'Koko Set') ON CONFLICT (id) DO UPDATE SET nama = EXCLUDED.nama;

INSERT INTO public.model (id, nama, target_poin, kategori_id) VALUES ('MDL-416275647A', 'Abudzar', 0, 'KAT-4B6F6B6F') ON CONFLICT (id) DO UPDATE SET nama = EXCLUDED.nama, kategori_id = EXCLUDED.kategori_id, target_poin = EXCLUDED.target_poin;
INSERT INTO public.model (id, nama, target_poin, kategori_id) VALUES ('MDL-416972666C', 'Airflow', 0, 'KAT-4B6F6B6F') ON CONFLICT (id) DO UPDATE SET nama = EXCLUDED.nama, kategori_id = EXCLUDED.kategori_id, target_poin = EXCLUDED.target_poin;
INSERT INTO public.model (id, nama, target_poin, kategori_id) VALUES ('MDL-416972666C', 'Airflow Dewasa', 0, 'KAT-4B6F6B6F') ON CONFLICT (id) DO UPDATE SET nama = EXCLUDED.nama, kategori_id = EXCLUDED.kategori_id, target_poin = EXCLUDED.target_poin;
INSERT INTO public.model (id, nama, target_poin, kategori_id) VALUES ('MDL-416C666172', 'Alfarghani', 0, 'KAT-4B6F6B6F') ON CONFLICT (id) DO UPDATE SET nama = EXCLUDED.nama, kategori_id = EXCLUDED.kategori_id, target_poin = EXCLUDED.target_poin;
INSERT INTO public.model (id, nama, target_poin, kategori_id) VALUES ('MDL-417264656E', 'Arden', 0, 'KAT-506F6C6F20') ON CONFLICT (id) DO UPDATE SET nama = EXCLUDED.nama, kategori_id = EXCLUDED.kategori_id, target_poin = EXCLUDED.target_poin;
INSERT INTO public.model (id, nama, target_poin, kategori_id) VALUES ('MDL-417272617A', 'Arrazi', 0, 'KAT-4B6F6B6F') ON CONFLICT (id) DO UPDATE SET nama = EXCLUDED.nama, kategori_id = EXCLUDED.kategori_id, target_poin = EXCLUDED.target_poin;
INSERT INTO public.model (id, nama, target_poin, kategori_id) VALUES ('MDL-4172736C61', 'Arslan', 0, 'KAT-4B6F6B6F') ON CONFLICT (id) DO UPDATE SET nama = EXCLUDED.nama, kategori_id = EXCLUDED.kategori_id, target_poin = EXCLUDED.target_poin;
INSERT INTO public.model (id, nama, target_poin, kategori_id) VALUES ('MDL-4173686572', 'Asher', 0, 'KAT-506F6C6F20') ON CONFLICT (id) DO UPDATE SET nama = EXCLUDED.nama, kategori_id = EXCLUDED.kategori_id, target_poin = EXCLUDED.target_poin;
INSERT INTO public.model (id, nama, target_poin, kategori_id) VALUES ('MDL-43656C616E', 'Celana Arslan', 0, 'KAT-43656C616E') ON CONFLICT (id) DO UPDATE SET nama = EXCLUDED.nama, kategori_id = EXCLUDED.kategori_id, target_poin = EXCLUDED.target_poin;
INSERT INTO public.model (id, nama, target_poin, kategori_id) VALUES ('MDL-447261766F', 'Dravo', 0, 'KAT-4A61636B65') ON CONFLICT (id) DO UPDATE SET nama = EXCLUDED.nama, kategori_id = EXCLUDED.kategori_id, target_poin = EXCLUDED.target_poin;
INSERT INTO public.model (id, nama, target_poin, kategori_id) VALUES ('MDL-456C20416E', 'El Anorax', 0, 'KAT-4A61636B65') ON CONFLICT (id) DO UPDATE SET nama = EXCLUDED.nama, kategori_id = EXCLUDED.kategori_id, target_poin = EXCLUDED.target_poin;
INSERT INTO public.model (id, nama, target_poin, kategori_id) VALUES ('MDL-4865726974', 'Heritage Panjang', 0, 'KAT-4B656D656A') ON CONFLICT (id) DO UPDATE SET nama = EXCLUDED.nama, kategori_id = EXCLUDED.kategori_id, target_poin = EXCLUDED.target_poin;
INSERT INTO public.model (id, nama, target_poin, kategori_id) VALUES ('MDL-4865726974', 'Heritage Pendek', 0, 'KAT-4B656D656A') ON CONFLICT (id) DO UPDATE SET nama = EXCLUDED.nama, kategori_id = EXCLUDED.kategori_id, target_poin = EXCLUDED.target_poin;
INSERT INTO public.model (id, nama, target_poin, kategori_id) VALUES ('MDL-48696E6F20', 'Hino Panjang', 0, 'KAT-4368696E6F') ON CONFLICT (id) DO UPDATE SET nama = EXCLUDED.nama, kategori_id = EXCLUDED.kategori_id, target_poin = EXCLUDED.target_poin;
INSERT INTO public.model (id, nama, target_poin, kategori_id) VALUES ('MDL-48696E6F20', 'Hino Pendek', 0, 'KAT-4368696E6F') ON CONFLICT (id) DO UPDATE SET nama = EXCLUDED.nama, kategori_id = EXCLUDED.kategori_id, target_poin = EXCLUDED.target_poin;
INSERT INTO public.model (id, nama, target_poin, kategori_id) VALUES ('MDL-4A696D6F20', 'Jimo Panjang', 0, 'KAT-4368696E6F') ON CONFLICT (id) DO UPDATE SET nama = EXCLUDED.nama, kategori_id = EXCLUDED.kategori_id, target_poin = EXCLUDED.target_poin;
INSERT INTO public.model (id, nama, target_poin, kategori_id) VALUES ('MDL-4A75626168', 'Jubah Mumtaz', 0, 'KAT-4B6F6B6F') ON CONFLICT (id) DO UPDATE SET nama = EXCLUDED.nama, kategori_id = EXCLUDED.kategori_id, target_poin = EXCLUDED.target_poin;
INSERT INTO public.model (id, nama, target_poin, kategori_id) VALUES ('MDL-4B68616C69', 'Khalid', 0, 'KAT-4B6F6B6F20') ON CONFLICT (id) DO UPDATE SET nama = EXCLUDED.nama, kategori_id = EXCLUDED.kategori_id, target_poin = EXCLUDED.target_poin;
INSERT INTO public.model (id, nama, target_poin, kategori_id) VALUES ('MDL-4E65636B', 'Neck', 0, 'KAT-4A61636B65') ON CONFLICT (id) DO UPDATE SET nama = EXCLUDED.nama, kategori_id = EXCLUDED.kategori_id, target_poin = EXCLUDED.target_poin;
INSERT INTO public.model (id, nama, target_poin, kategori_id) VALUES ('MDL-53746F726D', 'Storma', 0, 'KAT-4A61636B65') ON CONFLICT (id) DO UPDATE SET nama = EXCLUDED.nama, kategori_id = EXCLUDED.kategori_id, target_poin = EXCLUDED.target_poin;
INSERT INTO public.model (id, nama, target_poin, kategori_id) VALUES ('MDL-54616D6565', 'Tameem', 0, 'KAT-4B6F6B6F') ON CONFLICT (id) DO UPDATE SET nama = EXCLUDED.nama, kategori_id = EXCLUDED.kategori_id, target_poin = EXCLUDED.target_poin;
INSERT INTO public.model (id, nama, target_poin, kategori_id) VALUES ('MDL-5468616C68', 'Thalhah', 0, 'KAT-4B6F6B6F') ON CONFLICT (id) DO UPDATE SET nama = EXCLUDED.nama, kategori_id = EXCLUDED.kategori_id, target_poin = EXCLUDED.target_poin;
INSERT INTO public.model (id, nama, target_poin, kategori_id) VALUES ('MDL-547269636F', 'Tricolor', 0, 'KAT-506F6C6F20') ON CONFLICT (id) DO UPDATE SET nama = EXCLUDED.nama, kategori_id = EXCLUDED.kategori_id, target_poin = EXCLUDED.target_poin;
INSERT INTO public.model (id, nama, target_poin, kategori_id) VALUES ('MDL-5574736D61', 'Utsman', 0, 'KAT-4B6F6B6F') ON CONFLICT (id) DO UPDATE SET nama = EXCLUDED.nama, kategori_id = EXCLUDED.kategori_id, target_poin = EXCLUDED.target_poin;
INSERT INTO public.model (id, nama, target_poin, kategori_id) VALUES ('MDL-5A61797961', 'Zayyan', 0, 'KAT-4B6F6B6F20') ON CONFLICT (id) DO UPDATE SET nama = EXCLUDED.nama, kategori_id = EXCLUDED.kategori_id, target_poin = EXCLUDED.target_poin;
INSERT INTO public.model (id, nama, target_poin, kategori_id) VALUES ('MDL-5A75626169', 'Zubair', 0, 'KAT-4B6F6B6F') ON CONFLICT (id) DO UPDATE SET nama = EXCLUDED.nama, kategori_id = EXCLUDED.kategori_id, target_poin = EXCLUDED.target_poin;
INSERT INTO public.model (id, nama, target_poin, kategori_id) VALUES ('MDL-5A756E6F20', 'Zuno Panjang', 0, 'KAT-4368696E6F') ON CONFLICT (id) DO UPDATE SET nama = EXCLUDED.nama, kategori_id = EXCLUDED.kategori_id, target_poin = EXCLUDED.target_poin;
INSERT INTO public.model (id, nama, target_poin, kategori_id) VALUES ('MDL-5A756E6F20', 'Zuno Pendek', 0, 'KAT-4368696E6F') ON CONFLICT (id) DO UPDATE SET nama = EXCLUDED.nama, kategori_id = EXCLUDED.kategori_id, target_poin = EXCLUDED.target_poin;

INSERT INTO public.warna (id, nama, kode_hex) VALUES ('WRN-001', 'Grey x Black', '#888888') ON CONFLICT (id) DO UPDATE SET nama = EXCLUDED.nama, kode_hex = EXCLUDED.kode_hex;
INSERT INTO public.warna (id, nama, kode_hex) VALUES ('WRN-002', 'White X Grey', '#888888') ON CONFLICT (id) DO UPDATE SET nama = EXCLUDED.nama, kode_hex = EXCLUDED.kode_hex;
INSERT INTO public.warna (id, nama, kode_hex) VALUES ('WRN-003', 'Navy x SkyBlue', '#888888') ON CONFLICT (id) DO UPDATE SET nama = EXCLUDED.nama, kode_hex = EXCLUDED.kode_hex;
INSERT INTO public.warna (id, nama, kode_hex) VALUES ('WRN-004', 'Black X Maroon', '#888888') ON CONFLICT (id) DO UPDATE SET nama = EXCLUDED.nama, kode_hex = EXCLUDED.kode_hex;
INSERT INTO public.warna (id, nama, kode_hex) VALUES ('WRN-005', 'Black X Mustard', '#888888') ON CONFLICT (id) DO UPDATE SET nama = EXCLUDED.nama, kode_hex = EXCLUDED.kode_hex;
INSERT INTO public.warna (id, nama, kode_hex) VALUES ('WRN-006', 'Black x Grey', '#888888') ON CONFLICT (id) DO UPDATE SET nama = EXCLUDED.nama, kode_hex = EXCLUDED.kode_hex;
INSERT INTO public.warna (id, nama, kode_hex) VALUES ('WRN-007', 'Dark B x Light B', '#888888') ON CONFLICT (id) DO UPDATE SET nama = EXCLUDED.nama, kode_hex = EXCLUDED.kode_hex;
INSERT INTO public.warna (id, nama, kode_hex) VALUES ('WRN-008', 'Black', '#888888') ON CONFLICT (id) DO UPDATE SET nama = EXCLUDED.nama, kode_hex = EXCLUDED.kode_hex;
INSERT INTO public.warna (id, nama, kode_hex) VALUES ('WRN-009', 'Light brown', '#888888') ON CONFLICT (id) DO UPDATE SET nama = EXCLUDED.nama, kode_hex = EXCLUDED.kode_hex;
INSERT INTO public.warna (id, nama, kode_hex) VALUES ('WRN-010', 'Skyblue', '#888888') ON CONFLICT (id) DO UPDATE SET nama = EXCLUDED.nama, kode_hex = EXCLUDED.kode_hex;
INSERT INTO public.warna (id, nama, kode_hex) VALUES ('WRN-011', 'Tobacco', '#888888') ON CONFLICT (id) DO UPDATE SET nama = EXCLUDED.nama, kode_hex = EXCLUDED.kode_hex;
INSERT INTO public.warna (id, nama, kode_hex) VALUES ('WRN-012', 'Khaki', '#888888') ON CONFLICT (id) DO UPDATE SET nama = EXCLUDED.nama, kode_hex = EXCLUDED.kode_hex;
INSERT INTO public.warna (id, nama, kode_hex) VALUES ('WRN-013', 'navy', '#888888') ON CONFLICT (id) DO UPDATE SET nama = EXCLUDED.nama, kode_hex = EXCLUDED.kode_hex;
INSERT INTO public.warna (id, nama, kode_hex) VALUES ('WRN-014', 'Black x Maroon', '#888888') ON CONFLICT (id) DO UPDATE SET nama = EXCLUDED.nama, kode_hex = EXCLUDED.kode_hex;
INSERT INTO public.warna (id, nama, kode_hex) VALUES ('WRN-015', 'Maroon x Black', '#888888') ON CONFLICT (id) DO UPDATE SET nama = EXCLUDED.nama, kode_hex = EXCLUDED.kode_hex;
INSERT INTO public.warna (id, nama, kode_hex) VALUES ('WRN-016', 'Navy x Sky Blue', '#888888') ON CONFLICT (id) DO UPDATE SET nama = EXCLUDED.nama, kode_hex = EXCLUDED.kode_hex;
INSERT INTO public.warna (id, nama, kode_hex) VALUES ('WRN-017', 'Mustard x Navy', '#888888') ON CONFLICT (id) DO UPDATE SET nama = EXCLUDED.nama, kode_hex = EXCLUDED.kode_hex;
INSERT INTO public.warna (id, nama, kode_hex) VALUES ('WRN-018', 'Maroon x White', '#888888') ON CONFLICT (id) DO UPDATE SET nama = EXCLUDED.nama, kode_hex = EXCLUDED.kode_hex;
INSERT INTO public.warna (id, nama, kode_hex) VALUES ('WRN-019', 'Brown x Grey', '#888888') ON CONFLICT (id) DO UPDATE SET nama = EXCLUDED.nama, kode_hex = EXCLUDED.kode_hex;
INSERT INTO public.warna (id, nama, kode_hex) VALUES ('WRN-020', 'Brown x Navy', '#888888') ON CONFLICT (id) DO UPDATE SET nama = EXCLUDED.nama, kode_hex = EXCLUDED.kode_hex;
INSERT INTO public.warna (id, nama, kode_hex) VALUES ('WRN-021', 'Grey x White', '#888888') ON CONFLICT (id) DO UPDATE SET nama = EXCLUDED.nama, kode_hex = EXCLUDED.kode_hex;
INSERT INTO public.warna (id, nama, kode_hex) VALUES ('WRN-022', 'Beige x Black', '#888888') ON CONFLICT (id) DO UPDATE SET nama = EXCLUDED.nama, kode_hex = EXCLUDED.kode_hex;
INSERT INTO public.warna (id, nama, kode_hex) VALUES ('WRN-023', 'White x Almond', '#888888') ON CONFLICT (id) DO UPDATE SET nama = EXCLUDED.nama, kode_hex = EXCLUDED.kode_hex;
INSERT INTO public.warna (id, nama, kode_hex) VALUES ('WRN-024', 'Sky Blue x Navy', '#888888') ON CONFLICT (id) DO UPDATE SET nama = EXCLUDED.nama, kode_hex = EXCLUDED.kode_hex;
INSERT INTO public.warna (id, nama, kode_hex) VALUES ('WRN-025', 'DarkGrey x Black', '#888888') ON CONFLICT (id) DO UPDATE SET nama = EXCLUDED.nama, kode_hex = EXCLUDED.kode_hex;
INSERT INTO public.warna (id, nama, kode_hex) VALUES ('WRN-026', 'Navy x Mustard', '#888888') ON CONFLICT (id) DO UPDATE SET nama = EXCLUDED.nama, kode_hex = EXCLUDED.kode_hex;
INSERT INTO public.warna (id, nama, kode_hex) VALUES ('WRN-027', 'Navy x Grey', '#888888') ON CONFLICT (id) DO UPDATE SET nama = EXCLUDED.nama, kode_hex = EXCLUDED.kode_hex;
INSERT INTO public.warna (id, nama, kode_hex) VALUES ('WRN-028', 'White x Black', '#888888') ON CONFLICT (id) DO UPDATE SET nama = EXCLUDED.nama, kode_hex = EXCLUDED.kode_hex;
INSERT INTO public.warna (id, nama, kode_hex) VALUES ('WRN-029', 'Beige x Almond', '#888888') ON CONFLICT (id) DO UPDATE SET nama = EXCLUDED.nama, kode_hex = EXCLUDED.kode_hex;
INSERT INTO public.warna (id, nama, kode_hex) VALUES ('WRN-030', 'Skyblue x Navy', '#888888') ON CONFLICT (id) DO UPDATE SET nama = EXCLUDED.nama, kode_hex = EXCLUDED.kode_hex;
INSERT INTO public.warna (id, nama, kode_hex) VALUES ('WRN-031', 'Navy', '#888888') ON CONFLICT (id) DO UPDATE SET nama = EXCLUDED.nama, kode_hex = EXCLUDED.kode_hex;
INSERT INTO public.warna (id, nama, kode_hex) VALUES ('WRN-032', 'DARK Grey', '#888888') ON CONFLICT (id) DO UPDATE SET nama = EXCLUDED.nama, kode_hex = EXCLUDED.kode_hex;
INSERT INTO public.warna (id, nama, kode_hex) VALUES ('WRN-033', 'LIGHT Grey', '#888888') ON CONFLICT (id) DO UPDATE SET nama = EXCLUDED.nama, kode_hex = EXCLUDED.kode_hex;
INSERT INTO public.warna (id, nama, kode_hex) VALUES ('WRN-034', 'Mustard', '#888888') ON CONFLICT (id) DO UPDATE SET nama = EXCLUDED.nama, kode_hex = EXCLUDED.kode_hex;
INSERT INTO public.warna (id, nama, kode_hex) VALUES ('WRN-035', 'Black Grey', '#888888') ON CONFLICT (id) DO UPDATE SET nama = EXCLUDED.nama, kode_hex = EXCLUDED.kode_hex;
INSERT INTO public.warna (id, nama, kode_hex) VALUES ('WRN-036', 'Black Turkish', '#888888') ON CONFLICT (id) DO UPDATE SET nama = EXCLUDED.nama, kode_hex = EXCLUDED.kode_hex;
INSERT INTO public.warna (id, nama, kode_hex) VALUES ('WRN-037', 'Mustard Black', '#888888') ON CONFLICT (id) DO UPDATE SET nama = EXCLUDED.nama, kode_hex = EXCLUDED.kode_hex;
INSERT INTO public.warna (id, nama, kode_hex) VALUES ('WRN-038', 'Mustard Grey', '#888888') ON CONFLICT (id) DO UPDATE SET nama = EXCLUDED.nama, kode_hex = EXCLUDED.kode_hex;
INSERT INTO public.warna (id, nama, kode_hex) VALUES ('WRN-039', 'Turkish Grey', '#888888') ON CONFLICT (id) DO UPDATE SET nama = EXCLUDED.nama, kode_hex = EXCLUDED.kode_hex;
INSERT INTO public.warna (id, nama, kode_hex) VALUES ('WRN-040', 'Navy Grey', '#888888') ON CONFLICT (id) DO UPDATE SET nama = EXCLUDED.nama, kode_hex = EXCLUDED.kode_hex;
INSERT INTO public.warna (id, nama, kode_hex) VALUES ('WRN-041', 'Navy Mustard', '#888888') ON CONFLICT (id) DO UPDATE SET nama = EXCLUDED.nama, kode_hex = EXCLUDED.kode_hex;
INSERT INTO public.warna (id, nama, kode_hex) VALUES ('WRN-042', 'Petrol Grey', '#888888') ON CONFLICT (id) DO UPDATE SET nama = EXCLUDED.nama, kode_hex = EXCLUDED.kode_hex;
INSERT INTO public.warna (id, nama, kode_hex) VALUES ('WRN-043', 'Beige Panjang', '#888888') ON CONFLICT (id) DO UPDATE SET nama = EXCLUDED.nama, kode_hex = EXCLUDED.kode_hex;
INSERT INTO public.warna (id, nama, kode_hex) VALUES ('WRN-044', 'Beige', '#888888') ON CONFLICT (id) DO UPDATE SET nama = EXCLUDED.nama, kode_hex = EXCLUDED.kode_hex;
INSERT INTO public.warna (id, nama, kode_hex) VALUES ('WRN-045', 'Olive', '#888888') ON CONFLICT (id) DO UPDATE SET nama = EXCLUDED.nama, kode_hex = EXCLUDED.kode_hex;
INSERT INTO public.warna (id, nama, kode_hex) VALUES ('WRN-046', 'Grey', '#888888') ON CONFLICT (id) DO UPDATE SET nama = EXCLUDED.nama, kode_hex = EXCLUDED.kode_hex;
INSERT INTO public.warna (id, nama, kode_hex) VALUES ('WRN-047', 'Army', '#888888') ON CONFLICT (id) DO UPDATE SET nama = EXCLUDED.nama, kode_hex = EXCLUDED.kode_hex;
INSERT INTO public.warna (id, nama, kode_hex) VALUES ('WRN-048', 'Brown', '#888888') ON CONFLICT (id) DO UPDATE SET nama = EXCLUDED.nama, kode_hex = EXCLUDED.kode_hex;
INSERT INTO public.warna (id, nama, kode_hex) VALUES ('WRN-049', 'White', '#888888') ON CONFLICT (id) DO UPDATE SET nama = EXCLUDED.nama, kode_hex = EXCLUDED.kode_hex;
INSERT INTO public.warna (id, nama, kode_hex) VALUES ('WRN-050', 'Denim', '#888888') ON CONFLICT (id) DO UPDATE SET nama = EXCLUDED.nama, kode_hex = EXCLUDED.kode_hex;
INSERT INTO public.warna (id, nama, kode_hex) VALUES ('WRN-051', 'Black x Dark Grey', '#888888') ON CONFLICT (id) DO UPDATE SET nama = EXCLUDED.nama, kode_hex = EXCLUDED.kode_hex;
INSERT INTO public.warna (id, nama, kode_hex) VALUES ('WRN-052', 'Brown x Black', '#888888') ON CONFLICT (id) DO UPDATE SET nama = EXCLUDED.nama, kode_hex = EXCLUDED.kode_hex;
INSERT INTO public.warna (id, nama, kode_hex) VALUES ('WRN-053', 'Maroon x Grey', '#888888') ON CONFLICT (id) DO UPDATE SET nama = EXCLUDED.nama, kode_hex = EXCLUDED.kode_hex;
INSERT INTO public.warna (id, nama, kode_hex) VALUES ('WRN-054', 'Maroon', '#888888') ON CONFLICT (id) DO UPDATE SET nama = EXCLUDED.nama, kode_hex = EXCLUDED.kode_hex;
INSERT INTO public.warna (id, nama, kode_hex) VALUES ('WRN-055', 'Oceanblue', '#888888') ON CONFLICT (id) DO UPDATE SET nama = EXCLUDED.nama, kode_hex = EXCLUDED.kode_hex;
INSERT INTO public.warna (id, nama, kode_hex) VALUES ('WRN-056', 'Sage x Black', '#888888') ON CONFLICT (id) DO UPDATE SET nama = EXCLUDED.nama, kode_hex = EXCLUDED.kode_hex;
INSERT INTO public.warna (id, nama, kode_hex) VALUES ('WRN-057', 'Dark Grey', '#888888') ON CONFLICT (id) DO UPDATE SET nama = EXCLUDED.nama, kode_hex = EXCLUDED.kode_hex;
INSERT INTO public.warna (id, nama, kode_hex) VALUES ('WRN-058', 'Maroon x Navy', '#888888') ON CONFLICT (id) DO UPDATE SET nama = EXCLUDED.nama, kode_hex = EXCLUDED.kode_hex;

INSERT INTO public.size (id, nama) VALUES ('SZ-S', 'S') ON CONFLICT (id) DO UPDATE SET nama = EXCLUDED.nama;
INSERT INTO public.size (id, nama) VALUES ('SZ-M', 'M') ON CONFLICT (id) DO UPDATE SET nama = EXCLUDED.nama;
INSERT INTO public.size (id, nama) VALUES ('SZ-L', 'L') ON CONFLICT (id) DO UPDATE SET nama = EXCLUDED.nama;
INSERT INTO public.size (id, nama) VALUES ('SZ-XL', 'XL') ON CONFLICT (id) DO UPDATE SET nama = EXCLUDED.nama;
INSERT INTO public.size (id, nama) VALUES ('SZ-XXL', 'XXL') ON CONFLICT (id) DO UPDATE SET nama = EXCLUDED.nama;
INSERT INTO public.size (id, nama) VALUES ('SZ-XXXL', 'XXXL') ON CONFLICT (id) DO UPDATE SET nama = EXCLUDED.nama;

INSERT INTO public.hpp_komponen (id, nama, kategori, satuan) VALUES ('KOMP-001', 'HPP Bahan', 'bahan_baku', 'pcs') ON CONFLICT (id) DO UPDATE SET nama = EXCLUDED.nama, kategori = EXCLUDED.kategori, satuan = EXCLUDED.satuan;
INSERT INTO public.hpp_komponen (id, nama, kategori, satuan) VALUES ('KOMP-015', 'Upah Cutting', 'biaya_produksi', 'pcs') ON CONFLICT (id) DO UPDATE SET nama = EXCLUDED.nama, kategori = EXCLUDED.kategori, satuan = EXCLUDED.satuan;
INSERT INTO public.hpp_komponen (id, nama, kategori, satuan) VALUES ('KOMP-016', 'Upah Jahit', 'biaya_produksi', 'pcs') ON CONFLICT (id) DO UPDATE SET nama = EXCLUDED.nama, kategori = EXCLUDED.kategori, satuan = EXCLUDED.satuan;
INSERT INTO public.hpp_komponen (id, nama, kategori, satuan) VALUES ('KOMP-017', 'Upah Lubang-Kancing', 'biaya_produksi', 'pcs') ON CONFLICT (id) DO UPDATE SET nama = EXCLUDED.nama, kategori = EXCLUDED.kategori, satuan = EXCLUDED.satuan;
INSERT INTO public.hpp_komponen (id, nama, kategori, satuan) VALUES ('KOMP-018', 'Upah Buang Benang', 'biaya_produksi', 'pcs') ON CONFLICT (id) DO UPDATE SET nama = EXCLUDED.nama, kategori = EXCLUDED.kategori, satuan = EXCLUDED.satuan;
INSERT INTO public.hpp_komponen (id, nama, kategori, satuan) VALUES ('KOMP-019', 'Upah QC', 'biaya_produksi', 'pcs') ON CONFLICT (id) DO UPDATE SET nama = EXCLUDED.nama, kategori = EXCLUDED.kategori, satuan = EXCLUDED.satuan;
INSERT INTO public.hpp_komponen (id, nama, kategori, satuan) VALUES ('KOMP-020', 'Upah Steam', 'biaya_produksi', 'pcs') ON CONFLICT (id) DO UPDATE SET nama = EXCLUDED.nama, kategori = EXCLUDED.kategori, satuan = EXCLUDED.satuan;
INSERT INTO public.hpp_komponen (id, nama, kategori, satuan) VALUES ('KOMP-021', 'Upah Packing', 'biaya_produksi', 'pcs') ON CONFLICT (id) DO UPDATE SET nama = EXCLUDED.nama, kategori = EXCLUDED.kategori, satuan = EXCLUDED.satuan;
INSERT INTO public.hpp_komponen (id, nama, kategori, satuan) VALUES ('KOMP-022', 'oprasional Rumah', 'overhead', 'pcs') ON CONFLICT (id) DO UPDATE SET nama = EXCLUDED.nama, kategori = EXCLUDED.kategori, satuan = EXCLUDED.satuan;
INSERT INTO public.hpp_komponen (id, nama, kategori, satuan) VALUES ('KOMP-023', 'Oprasional Listrik', 'overhead', 'pcs') ON CONFLICT (id) DO UPDATE SET nama = EXCLUDED.nama, kategori = EXCLUDED.kategori, satuan = EXCLUDED.satuan;
INSERT INTO public.hpp_komponen (id, nama, kategori, satuan) VALUES ('KOMP-024', 'Oprasional Sehari-hari', 'overhead', 'pcs') ON CONFLICT (id) DO UPDATE SET nama = EXCLUDED.nama, kategori = EXCLUDED.kategori, satuan = EXCLUDED.satuan;
INSERT INTO public.hpp_komponen (id, nama, kategori, satuan) VALUES ('KOMP-025', 'Uang makan', 'overhead', 'pcs') ON CONFLICT (id) DO UPDATE SET nama = EXCLUDED.nama, kategori = EXCLUDED.kategori, satuan = EXCLUDED.satuan;
INSERT INTO public.hpp_komponen (id, nama, kategori, satuan) VALUES ('KOMP-002', 'Variasi', 'bahan_baku', 'pcs') ON CONFLICT (id) DO UPDATE SET nama = EXCLUDED.nama, kategori = EXCLUDED.kategori, satuan = EXCLUDED.satuan;
INSERT INTO public.hpp_komponen (id, nama, kategori, satuan) VALUES ('KOMP-003', 'Karet', 'bahan_baku', 'pcs') ON CONFLICT (id) DO UPDATE SET nama = EXCLUDED.nama, kategori = EXCLUDED.kategori, satuan = EXCLUDED.satuan;
INSERT INTO public.hpp_komponen (id, nama, kategori, satuan) VALUES ('KOMP-004', 'Tali', 'bahan_baku', 'pcs') ON CONFLICT (id) DO UPDATE SET nama = EXCLUDED.nama, kategori = EXCLUDED.kategori, satuan = EXCLUDED.satuan;
INSERT INTO public.hpp_komponen (id, nama, kategori, satuan) VALUES ('KOMP-005', 'Stoper', 'bahan_baku', 'pcs') ON CONFLICT (id) DO UPDATE SET nama = EXCLUDED.nama, kategori = EXCLUDED.kategori, satuan = EXCLUDED.satuan;
INSERT INTO public.hpp_komponen (id, nama, kategori, satuan) VALUES ('KOMP-006', 'Mata itik', 'bahan_baku', 'pcs') ON CONFLICT (id) DO UPDATE SET nama = EXCLUDED.nama, kategori = EXCLUDED.kategori, satuan = EXCLUDED.satuan;
INSERT INTO public.hpp_komponen (id, nama, kategori, satuan) VALUES ('KOMP-007', 'Sleting Topi', 'bahan_baku', 'pcs') ON CONFLICT (id) DO UPDATE SET nama = EXCLUDED.nama, kategori = EXCLUDED.kategori, satuan = EXCLUDED.satuan;
INSERT INTO public.hpp_komponen (id, nama, kategori, satuan) VALUES ('KOMP-008', 'Sleting Saku', 'bahan_baku', 'pcs') ON CONFLICT (id) DO UPDATE SET nama = EXCLUDED.nama, kategori = EXCLUDED.kategori, satuan = EXCLUDED.satuan;
INSERT INTO public.hpp_komponen (id, nama, kategori, satuan) VALUES ('KOMP-009', 'Sleting Badan', 'bahan_baku', 'pcs') ON CONFLICT (id) DO UPDATE SET nama = EXCLUDED.nama, kategori = EXCLUDED.kategori, satuan = EXCLUDED.satuan;
INSERT INTO public.hpp_komponen (id, nama, kategori, satuan) VALUES ('KOMP-010', 'Kain Keras', 'bahan_baku', 'pcs') ON CONFLICT (id) DO UPDATE SET nama = EXCLUDED.nama, kategori = EXCLUDED.kategori, satuan = EXCLUDED.satuan;
INSERT INTO public.hpp_komponen (id, nama, kategori, satuan) VALUES ('KOMP-011', 'Kain saku', 'bahan_baku', 'pcs') ON CONFLICT (id) DO UPDATE SET nama = EXCLUDED.nama, kategori = EXCLUDED.kategori, satuan = EXCLUDED.satuan;
INSERT INTO public.hpp_komponen (id, nama, kategori, satuan) VALUES ('KOMP-012', 'Kancing', 'bahan_baku', 'pcs') ON CONFLICT (id) DO UPDATE SET nama = EXCLUDED.nama, kategori = EXCLUDED.kategori, satuan = EXCLUDED.satuan;
INSERT INTO public.hpp_komponen (id, nama, kategori, satuan) VALUES ('KOMP-013', 'Puring', 'bahan_baku', 'pcs') ON CONFLICT (id) DO UPDATE SET nama = EXCLUDED.nama, kategori = EXCLUDED.kategori, satuan = EXCLUDED.satuan;
INSERT INTO public.hpp_komponen (id, nama, kategori, satuan) VALUES ('KOMP-014', 'Benang', 'bahan_baku', 'pcs') ON CONFLICT (id) DO UPDATE SET nama = EXCLUDED.nama, kategori = EXCLUDED.kategori, satuan = EXCLUDED.satuan;

